{"cameraMode":{"drawMode":0,"name":"Shaded","section":"Shading Mode"},"sceneLighting":true,"audioPlay":false,"sceneViewState":{"showFog":true,"showMaterialUpdate":false,"showSkybox":true,"showFlares":true,"showImageEffects":true,"showParticleSystems":true},"in2DMode":false,"pivot":{"x":-0.014935612678527832,"y":-0.039147257804870608,"z":0.1294994354248047},"rotation":{"x":-0.0859210416674614,"y":0.8859165906906128,"z":-0.18217705190181733,"w":-0.41782906651496889},"size":2.576634168624878,"orthographic":false}